{
  "providers": [
    {
      "type": "bitmap",
      "file": "nuko:font/alert.png",
      "height": 18,
      "ascent": -26,
      "chars": [
        "\uF890\uF894\uF898",
        "\uF891\uF895\uF899",
        "\uF892\uF896\uF89A",
        "\uF893\uF897\uF89B"
      ]
    },
    {
      "type": "bitmap",
      "file": "nuko:font/bar_20.png",
      "height": 5,
      "ascent": -40,
      "chars": [
        "\uF800\uF820\uF840",
        "\uF801\uF821\uF841",
        "\uF802\uF822\uF842",
        "\uF803\uF823\uF843",
        "\uF804\uF824\uF844",
        "\uF805\uF825\uF845",
        "\uF806\uF826\uF846",
        "\uF807\uF827\uF847",
        "\uF808\uF828\uF848",
        "\uF809\uF829\uF849",
        "\uF80A\uF82A\uF84A",
        "\uF80B\uF82B\uF84B",
        "\uF80C\uF82C\uF84C",
        "\uF80D\uF82D\uF84D",
        "\uF80E\uF82E\uF84E",
        "\uF80F\uF82F\uF84F",
        "\uF810\uF830\uF850",
        "\uF811\uF831\uF851",
        "\uF812\uF832\uF852",
        "\uF813\uF833\uF853",
        "\uF814\uF834\uF854"
      ]
    }
  ]
}
